timestamp,rms_g,curtose,fator_crista,alerta
12:03:55,0.11501,26.8014,9.7148,1
12:03:57,0.15299,39.8474,11.8222,1
12:03:59,0.15321,41.2318,11.8068,1
12:04:01,0.12771,16.8723,8.4291,1
12:04:03,0.15945,15.4656,8.3875,1
12:04:04,0.20058,14.8074,6.8507,1
12:12:04,0.16369,25.7103,9.0835,1
12:12:04,0.12922,16.3440,8.4872,1
12:12:04,0.13504,13.6792,7.5089,1
12:12:04,0.13817,12.8888,7.1174,1
12:12:04,0.13780,14.3987,7.6517,1
12:12:08,0.13873,14.5226,7.6535,1
12:12:08,0.13764,13.7248,8.0013,1
12:12:12,0.13832,16.6980,8.0494,1
12:12:12,0.13869,17.8481,9.0506,1
12:12:16,0.13529,15.6386,8.0171,1
12:12:16,0.13432,16.3065,8.4271,1
12:12:19,0.13728,18.1157,9.4380,1
12:12:19,0.13543,17.4206,9.0698,1
12:12:23,0.13369,17.5506,7.8381,1
12:12:23,0.13329,16.6760,8.1056,1
12:12:26,0.13546,17.8823,8.8325,1
12:12:26,0.13652,15.8634,8.3013,1
12:12:30,0.13216,16.9409,8.2079,1
12:12:33,0.13096,16.3209,7.9066,1
12:12:33,0.13194,16.7068,8.3472,1
12:12:36,0.12770,17.7833,8.8788,1
12:12:36,0.12959,18.8178,9.0006,1
12:12:39,0.12601,19.1907,8.7874,1
12:12:42,0.15233,35.0518,11.3242,1
12:12:42,0.14924,37.0610,11.5608,1
12:12:44,0.12741,18.8663,8.4926,1
12:12:46,0.12650,16.7117,8.4341,1
12:12:49,0.12691,19.0680,9.1860,1
12:12:51,0.12634,17.6465,8.5939,1
12:12:53,0.12630,18.0086,7.8963,1
12:12:55,0.12774,20.3948,8.9739,1
12:12:56,0.12755,19.1954,7.9971,1
12:12:58,0.13100,19.9635,8.4534,1
12:13:01,0.12986,20.7194,8.7592,1
12:13:03,0.12790,20.2118,8.6972,1
12:13:05,0.13206,19.4918,7.8405,1
12:13:07,0.12932,19.3803,8.8359,1
12:13:09,0.12590,21.6845,8.7312,1
12:13:11,0.12568,23.7676,9.4988,1
12:13:13,0.12439,22.3670,9.2360,1
12:13:15,0.12665,20.9772,8.7902,1
12:13:16,0.12583,22.4844,9.3316,1
12:13:18,0.12042,17.6116,8.5435,1
12:13:20,0.12383,20.1985,7.8659,1
12:13:22,0.12268,21.8506,8.4852,1
12:13:24,0.12248,21.0769,8.2778,1
12:13:26,0.12152,25.7056,9.0377,1
12:13:28,0.12191,21.7203,8.7898,1
12:13:31,0.12465,23.2925,9.2012,1
12:13:32,0.12729,21.5012,8.9292,1
12:13:35,0.12423,21.3883,9.0987,1
12:13:37,0.12048,22.7465,9.6142,1
12:13:40,0.12484,22.8573,9.7968,1
12:13:42,0.12532,22.6121,9.0153,1
12:13:44,0.12420,22.9493,9.2187,1
12:13:47,0.12359,21.7981,8.6095,1
12:13:49,0.12207,22.8035,8.8971,1
12:13:51,0.12364,23.8177,9.2972,1
12:13:52,0.12545,22.7228,9.1665,1
12:13:54,0.12180,21.7185,8.9583,1
12:13:56,0.12501,22.2482,8.6291,1
12:13:58,0.12192,18.5449,8.2715,1
12:14:00,0.12244,21.3068,8.9600,1
12:14:03,0.12189,21.1087,9.0463,1
12:14:05,0.12169,20.0493,9.2433,1
12:14:06,0.12436,19.0609,8.6652,1
12:14:08,0.12535,20.8280,9.0579,1
12:14:10,0.12501,16.7603,8.0450,1
12:14:12,0.12492,20.2168,8.6620,1
12:14:14,0.12423,21.0834,9.2321,1
12:14:16,0.12368,21.2736,8.9237,1
12:14:18,0.12251,20.4999,9.1934,1
12:14:20,0.12740,22.5684,9.3973,1
12:14:22,0.12747,22.3828,9.1749,1
12:14:23,0.12231,22.8065,9.7327,1
12:14:25,0.12429,22.8620,9.5145,1
12:14:27,0.12268,22.0827,9.1046,1
12:14:29,0.11911,20.6825,8.1805,1
12:14:31,0.12258,21.9272,8.6891,1
12:14:33,0.12365,23.5657,9.1868,1
12:14:34,0.12151,22.3219,9.3557,1
12:14:37,0.12199,25.1942,10.2079,1
12:14:39,0.12273,25.1932,10.4246,1
12:14:42,0.12302,23.1682,8.8874,1
12:14:44,0.12200,23.9786,9.0894,1
12:14:46,0.12047,22.0004,8.7697,1
12:14:48,0.12281,25.0881,9.8142,1
12:14:50,0.12450,21.1649,8.6262,1
12:14:52,0.12698,23.6921,9.0319,1
12:14:54,0.12091,23.9858,9.2598,1
12:14:56,0.12001,23.1528,9.4958,1
12:14:58,0.11955,24.2752,9.6838,1
12:15:00,0.11925,22.7787,9.1596,1
12:15:01,0.12244,22.2118,8.9272,1
12:15:04,0.12036,19.8385,8.7793,1
12:16:01,0.12139,22.3679,8.8419,1
12:16:01,0.11909,22.8239,9.1749,1
12:16:01,0.12001,23.0763,9.3380,1
12:16:01,0.12573,21.4307,8.3926,1
12:16:01,0.12634,18.1548,8.2534,1
12:16:04,0.12254,22.5118,9.3151,1
12:16:06,0.12193,21.1121,9.0295,1
12:16:08,0.12294,23.3237,9.6933,1
12:16:10,0.12135,21.4165,8.8022,1
12:16:12,0.12143,22.9519,9.2890,1
12:16:13,0.11808,23.5235,9.0102,1
12:16:16,0.12041,22.6882,9.1094,1
12:16:19,0.12209,24.8605,9.7152,1
12:16:21,0.12263,23.1271,9.1096,1
12:16:24,0.12173,22.3781,9.1997,1
12:16:28,0.12419,22.3390,8.7454,1
12:16:31,0.12391,22.2003,9.1846,1
12:16:34,0.12347,23.6792,9.3755,1
12:16:36,0.12189,22.5230,9.0580,1
12:16:37,0.12314,22.5979,9.0720,1
12:16:39,0.12292,24.4950,9.7651,1
12:16:41,0.12299,21.2072,8.0831,1
12:16:43,0.12535,22.5742,9.0829,1
12:16:45,0.12281,19.6161,8.8042,1
12:16:46,0.12345,21.0598,8.8845,1
12:16:48,0.12433,22.0475,8.7974,1
12:16:50,0.12304,21.0003,9.4465,1
12:16:53,0.12417,22.0170,9.4197,1
12:16:55,0.12562,21.1287,8.8844,1
12:16:57,0.12370,23.3932,9.4398,1
12:16:59,0.12317,21.9802,8.7443,1
12:17:01,0.12312,21.7432,8.7415,1
12:17:02,0.12091,21.1427,9.1855,1
12:17:04,0.12280,21.8325,9.3812,1
12:17:07,0.12375,20.1652,9.1895,1
12:17:09,0.12442,19.7631,8.6703,1
12:17:11,0.12328,20.5687,9.2872,1
12:17:12,0.12442,22.6521,9.1618,1
12:17:15,0.12290,21.5817,8.9904,1
12:17:17,0.12116,20.4678,8.8781,1
12:17:19,0.12126,21.1792,8.0240,1
12:17:21,0.12318,23.4996,9.0255,1
12:17:23,0.12010,22.6025,9.3956,1
12:17:25,0.11821,20.7862,8.6606,1
12:17:27,0.12047,21.7659,9.0072,1
12:17:28,0.11917,22.3096,8.9414,1
12:17:30,0.12269,22.5483,8.9994,1
12:17:32,0.12253,20.1990,8.4464,1
12:17:34,0.12174,22.3448,9.6832,1
12:17:37,0.12253,22.2582,8.6584,1
12:17:39,0.11902,21.6413,8.7659,1
12:17:41,0.11857,25.4939,9.4740,1
12:17:43,0.12221,21.9743,8.8393,1
12:17:45,0.12017,21.7847,9.0218,1
12:17:47,0.12159,24.1064,9.8744,1
12:17:49,0.12073,23.5902,9.0777,1
12:17:50,0.12031,24.2909,9.1695,1
12:17:52,0.12054,26.4623,9.5342,1
12:17:54,0.11455,25.0822,9.5764,1
12:17:56,0.11715,25.5910,9.4545,1
12:17:58,0.11784,24.8999,8.8787,1
12:17:59,0.11568,23.7906,8.8908,1
12:18:01,0.11879,23.1204,8.3019,1
12:18:03,0.11743,27.2234,9.6320,1
12:18:05,0.11878,27.1877,9.6707,1
12:18:07,0.12418,19.1557,8.8770,1
12:18:10,0.13103,18.3037,8.7336,1
12:18:12,0.12658,22.1312,9.1805,1
12:18:14,0.12325,19.9678,8.5810,1
12:18:16,0.12257,22.7723,8.6997,1
12:18:17,0.12230,21.8444,8.5998,1
12:18:20,0.12016,21.9659,8.8100,1
12:18:22,0.11925,25.1368,9.8852,1
12:18:24,0.12239,22.1832,9.2577,1
12:18:26,0.12507,22.2653,9.2377,1
12:18:29,0.12285,20.7958,8.3051,1
12:18:31,0.12001,21.8605,8.6680,1
12:18:34,0.11905,24.5218,9.1380,1
12:18:38,0.11875,23.6285,8.6903,1
12:18:41,0.11836,23.4204,9.5914,1
12:18:43,0.12569,20.8117,9.2590,1
12:18:49,0.12429,21.2560,8.2578,1
12:18:51,0.11785,25.4346,9.2208,1
12:18:54,0.11411,26.5741,8.7115,1
12:18:58,0.11135,29.2724,9.9370,1
12:19:00,0.11657,25.6653,9.5448,1
12:19:02,0.12326,23.4179,9.1129,1
12:19:04,0.12346,24.1511,9.1564,1
12:19:06,0.11863,23.8054,8.9501,1
12:19:08,0.12120,22.8977,8.8667,1
12:19:10,0.11774,23.7017,9.1458,1
12:19:11,0.11996,27.9888,9.6604,1
12:19:13,0.11922,28.1263,9.4683,1
12:19:15,0.11597,26.5089,9.7477,1
12:19:17,0.11739,24.8781,9.3443,1
12:19:18,0.11925,24.3469,9.2424,1
12:19:20,0.12017,22.1461,9.1034,1
12:19:22,0.12257,25.8948,10.1251,1
12:19:24,0.11838,24.1816,9.4686,1
12:19:26,0.11840,23.7783,9.4013,1
12:19:28,0.11912,24.8489,9.6430,1
12:19:31,0.12124,26.8364,10.2846,1
12:19:32,0.11747,25.1581,9.5924,1
12:19:34,0.11735,29.1633,9.7673,1
12:19:37,0.11630,25.8111,9.7975,1
12:19:38,0.11702,26.0266,9.1498,1
12:19:40,0.11970,24.9119,9.1517,1
12:19:42,0.12018,25.5194,9.7409,1
12:19:44,0.12382,21.8812,9.1880,1
12:19:46,0.12309,20.2202,8.6889,1
12:19:48,0.11806,27.3097,9.7984,1
12:19:50,0.11676,27.9043,10.3151,1
12:19:51,0.11736,25.7338,9.6937,1
12:19:53,0.12246,43.6665,11.3812,1
12:19:55,0.11238,28.2620,10.0246,1
12:19:57,0.10840,33.9781,10.3249,1
12:19:59,0.10824,36.5037,10.7317,1
12:20:00,0.10832,35.4822,10.3102,1
12:20:02,0.13125,19.6793,8.3746,1
12:20:04,0.13954,15.6966,7.5702,1
12:20:06,0.12657,18.8582,8.1057,1
12:20:08,0.12457,18.3839,8.3013,1
12:20:11,0.12751,19.8305,9.2012,1
12:20:13,0.13312,18.1846,8.6427,1
12:20:15,0.11517,13.8441,7.8678,1
12:20:16,0.12139,17.2069,8.2365,1
12:20:18,0.12745,17.4503,7.5837,1
12:20:20,0.12985,21.7734,9.3112,1
12:20:22,0.12938,17.5396,8.5922,1
12:20:24,0.14179,15.7009,8.1317,1
12:20:25,0.13691,24.8589,9.7009,1
12:20:27,0.12298,23.0087,9.3337,1
12:20:29,0.12422,21.6548,8.8262,1
12:20:31,0.12392,22.4688,7.9717,1
12:20:33,0.12174,22.3089,9.2048,1
12:20:35,0.12074,22.7457,9.5520,1
12:20:37,0.11959,22.0832,9.4900,1
12:20:38,0.11952,22.2739,8.8652,1
12:20:40,0.11853,25.4997,9.7987,1
12:20:42,0.11778,21.3729,9.0322,1
12:20:44,0.11989,24.2033,8.6704,1
12:20:45,0.11846,21.6603,8.2557,1
12:20:47,0.12016,21.5723,8.9326,1
12:20:50,0.11838,23.7417,9.5997,1
12:20:51,0.11901,23.7240,9.4356,1
12:20:53,0.12272,22.4273,8.4192,1
12:20:55,0.11632,23.3808,9.2934,1
12:20:57,0.11982,25.6183,9.7121,1
12:20:59,0.11956,23.2986,9.3443,1
12:21:00,0.12071,24.7152,9.2834,1
12:21:02,0.11969,23.1364,9.3390,1
12:21:04,0.12127,24.0828,9.0598,1
12:21:06,0.11835,23.7720,9.4563,1
12:21:08,0.12113,22.1175,8.9205,1
12:21:09,0.12150,21.2650,8.7809,1
12:21:11,0.11971,20.9160,8.7833,1
12:21:13,0.12593,20.3706,8.4657,1
12:21:15,0.12741,18.0203,7.6812,1
12:21:17,0.12810,20.5624,8.6875,1
12:21:19,0.13212,16.6099,8.4604,1
12:21:21,0.12867,19.0903,8.3161,1
12:21:22,0.11955,23.2588,9.6366,1
12:21:24,0.12202,28.3095,10.6053,1
12:21:26,0.11933,24.5211,9.7852,1
12:21:28,0.12040,25.3462,9.2609,1
12:21:30,0.11960,24.2542,9.7046,1
12:21:31,0.12148,21.6132,8.8980,1
12:21:33,0.11970,21.4190,9.3116,1
12:21:35,0.11701,23.6188,9.4999,1
12:21:37,0.12016,22.8328,9.7592,1
12:21:39,0.12315,22.8819,9.5339,1
12:21:41,0.12105,23.7010,9.2746,1
12:21:43,0.11713,24.1121,8.8367,1
12:21:44,0.14482,25.0048,8.6995,1
12:21:46,0.14511,25.7306,8.6800,1
12:21:48,0.11684,23.9167,9.3357,1
12:21:50,0.13475,18.9254,8.3975,1
12:21:52,0.13287,20.8602,8.4779,1
12:21:53,0.11357,24.8265,9.6381,1
12:21:56,0.11085,25.2250,9.2831,1
12:21:57,0.10716,39.0860,11.0832,1
12:21:59,0.10956,25.9455,9.4324,1
12:22:01,0.12243,20.3436,9.1603,1
12:22:03,0.11885,20.0979,8.6119,1
12:22:04,0.11600,23.7816,8.9950,1
12:22:06,0.12486,19.0647,8.3602,1
12:22:08,0.12860,17.7968,8.1612,1
12:22:10,0.12407,23.0440,9.0307,1
12:22:12,0.12017,23.6359,8.9550,1
12:22:15,0.11911,24.5167,8.7903,1
12:22:17,0.11749,23.5064,8.7993,1
12:22:19,0.11610,25.5274,9.0213,1
12:22:21,0.11798,25.0091,10.0107,1
12:22:22,0.11851,25.2202,9.8649,1
12:22:25,0.11755,26.3418,9.6911,1
12:22:27,0.11831,23.0297,9.2224,1
12:22:29,0.11663,27.1550,10.1328,1
12:22:31,0.11565,25.0375,9.1740,1
12:22:32,0.11702,27.3429,10.1414,1
12:22:34,0.11599,25.4048,9.0079,1
12:22:36,0.12287,21.0619,9.4996,1
12:22:38,0.12644,18.3632,8.0747,1
12:22:40,0.12187,22.1308,9.2950,1
12:22:42,0.12024,22.3122,9.0072,1
12:22:43,0.11848,19.6902,8.3941,1
12:22:45,0.12048,20.7452,9.3547,1
12:22:47,0.11956,22.1926,9.0710,1
12:22:49,0.12376,21.5502,9.0418,1
12:22:51,0.12446,20.2139,8.3771,1
12:22:54,0.12197,18.4083,8.3614,1
12:22:55,0.12421,22.1192,9.7156,1
12:22:57,0.12192,19.6287,8.6290,1
12:22:59,0.12067,20.6608,9.2934,1
12:23:01,0.12180,20.0162,8.8601,1
12:23:03,0.11928,22.0284,8.9960,1
12:23:04,0.12000,25.2018,10.3705,1
12:23:07,0.11996,24.4614,10.1869,1
12:23:08,0.11918,23.0239,9.1944,1
12:23:10,0.12066,22.2431,9.1342,1
12:23:12,0.11998,22.9067,9.1771,1
12:23:14,0.11992,21.4064,8.7856,1
12:23:16,0.12008,22.4749,8.5461,1
12:23:18,0.11968,22.7676,9.4733,1
12:23:19,0.12039,22.3458,9.0096,1
12:23:21,0.12000,22.7202,9.0214,1
12:23:23,0.11719,22.0269,8.7023,1
12:23:25,0.11762,21.4482,9.2955,1
12:23:27,0.11797,25.7605,9.2111,1
12:23:29,0.11764,25.2016,9.8733,1
12:23:30,0.11932,25.2751,9.6134,1
12:23:32,0.11776,26.4277,10.2310,1
12:23:34,0.11919,21.1508,8.3312,1
12:23:35,0.11905,23.1834,8.8356,1
12:23:37,0.11908,21.5055,8.3659,1
12:23:39,0.11894,22.2812,8.7975,1
12:23:41,0.12090,22.4181,8.5924,1
12:23:43,0.11914,22.8621,8.8935,1
12:23:44,0.12119,24.0005,9.4973,1
12:23:46,0.12112,22.7466,9.2986,1
12:23:48,0.12047,23.9960,9.1917,1
12:23:50,0.12145,24.1651,9.5116,1
12:23:51,0.12017,21.1073,8.1407,1
12:23:53,0.11811,21.1120,8.7460,1
12:23:55,0.12349,24.2207,9.5293,1
12:23:57,0.12667,22.0643,8.8415,1
12:23:59,0.12230,21.8296,8.7986,1
12:24:01,0.12273,19.9821,8.8923,1
12:24:03,0.12006,21.1283,9.0473,1
12:24:05,0.12091,21.8372,8.1082,1
12:24:06,0.12070,21.6769,9.2464,1
12:24:08,0.11897,21.5005,8.1478,1
12:24:10,0.12068,24.1876,9.3244,1
12:24:12,0.11889,21.7146,9.0138,1
12:24:14,0.14125,12.6832,7.6545,1
12:24:16,0.15416,11.9396,7.5219,1
12:24:18,0.14531,52.5860,10.9583,1
12:24:19,0.12711,18.2391,8.2578,1
12:24:21,0.12954,20.0767,9.4134,1
12:24:23,0.12823,18.7998,9.4367,1
12:24:25,0.12731,20.1905,9.1039,1
12:24:27,0.12571,19.4847,8.2949,1
12:24:29,0.12825,20.0678,8.5037,1
12:24:31,0.12844,17.2404,7.8715,1
12:24:33,0.12814,17.5910,8.9007,1
12:24:35,0.13024,18.4652,8.7947,1
12:24:37,0.12502,17.7626,8.6274,1
12:24:39,0.12660,18.1438,8.3232,1
12:24:40,0.12823,15.4745,7.7452,1
12:24:42,0.12737,16.8931,8.1637,1
12:24:44,0.12717,17.7955,8.5169,1
12:24:46,0.12875,18.0620,8.9533,1
12:24:47,0.12819,18.4452,8.9367,1
12:24:49,0.13040,17.9731,8.5602,1
12:24:51,0.13066,16.9077,8.3052,1
12:24:53,0.13213,17.3808,8.5615,1
12:24:55,0.12923,18.7008,9.3011,1
12:24:57,0.12933,15.5831,8.2168,1
12:24:59,0.13142,15.8608,7.5315,1
12:25:00,0.12938,16.1072,8.3802,1
12:25:02,0.12829,18.0759,8.6365,1
12:25:04,0.12782,17.7457,8.6406,1
12:25:06,0.12819,19.4983,8.3652,1
12:25:08,0.12562,17.0361,7.9464,1
12:25:10,0.12479,21.6815,8.1637,1
12:25:12,0.12240,23.1978,9.6846,1
12:25:13,0.12008,20.4875,8.9596,1
12:25:15,0.12287,18.7687,8.6182,1
12:25:17,0.12416,18.8839,8.5404,1
12:25:19,0.12269,21.2272,8.6651,1
12:25:21,0.12362,20.4584,8.6962,1
12:25:23,0.12398,19.8942,9.1725,1
12:25:25,0.12503,18.5676,9.0674,1
12:25:26,0.12710,21.1392,9.4812,1
12:25:28,0.12568,21.6910,9.3210,1
12:25:30,0.12339,20.8659,8.8606,1
12:25:32,0.12312,20.3907,9.0093,1
12:25:34,0.12295,19.5064,9.2592,1
12:25:36,0.12298,21.5564,9.5331,1
12:25:38,0.12388,23.1572,8.5373,1
12:25:40,0.12610,21.2008,9.3001,1
12:25:42,0.12149,18.4125,9.0063,1
12:25:43,0.12497,18.1843,8.8832,1
12:25:45,0.12642,18.7137,8.4136,1
12:25:47,0.12641,20.1259,8.8455,1
12:25:49,0.12461,20.0511,8.9816,1
12:25:51,0.12648,21.1502,9.2315,1
12:25:52,0.12767,21.2283,8.8397,1
12:25:54,0.12436,18.9307,8.2463,1
12:25:56,0.12292,21.4641,8.5631,1
12:25:58,0.12012,22.0249,9.1658,1
12:26:00,0.12571,20.5279,9.1257,1
12:26:02,0.12399,18.8261,8.7013,1
12:26:03,0.12328,20.3379,8.2164,1
12:26:05,0.12287,20.0572,8.8505,1
12:26:07,0.12422,18.4916,8.4580,1
12:26:09,0.12381,20.5665,8.5542,1
12:26:11,0.12440,21.9467,9.5968,1
12:26:13,0.12259,21.2872,8.7686,1
12:26:15,0.12276,20.2146,9.0801,1
12:26:17,0.12631,20.7469,9.0549,1
12:26:19,0.12602,20.6380,9.2489,1
12:26:20,0.12346,20.1845,9.2378,1
12:26:22,0.12359,20.8661,8.7454,1
12:26:24,0.12800,19.9563,8.5242,1
12:26:26,0.12408,20.4343,8.8196,1
12:26:28,0.12392,20.6352,8.7052,1
12:26:29,0.12378,19.5463,8.4360,1
12:26:31,0.12480,20.6956,8.5902,1
12:26:33,0.12406,19.0927,8.2232,1
12:26:35,0.12732,19.1537,7.7257,1
12:26:37,0.12877,18.6275,8.4997,1
12:26:39,0.12668,16.4173,8.4674,1
12:26:41,0.12588,22.1883,9.2149,1
12:26:42,0.12484,20.2182,9.2124,1
12:26:44,0.12527,20.5118,8.9081,1
12:26:46,0.12453,20.8754,8.8943,1
12:26:48,0.12675,22.8743,9.0935,1
12:26:50,0.12472,20.7292,9.1007,1
12:26:52,0.12577,18.5710,8.2192,1
12:26:53,0.12781,18.8395,8.7838,1
12:26:55,0.12549,16.8652,8.2622,1
12:26:57,0.12789,16.8247,8.3679,1
12:26:59,0.12581,19.3528,8.1420,1
12:27:01,0.12338,21.7687,9.1333,1
12:27:03,0.12483,20.2139,7.9087,1
12:27:05,0.12563,19.8720,8.3276,1
12:27:07,0.12493,20.0904,8.8125,1
12:27:08,0.12372,18.4468,8.6640,1
12:27:10,0.12676,19.7432,9.1565,1
12:27:12,0.12716,18.0419,8.8778,1
12:27:14,0.12410,17.4863,7.8652,1
12:27:16,0.12771,21.2125,9.5393,1
12:27:18,0.12691,20.3796,8.1854,1
12:27:19,0.12867,19.9520,8.8915,1
12:27:21,0.12603,18.6135,8.7243,1
12:27:23,0.12416,21.0675,9.2410,1
12:27:25,0.12172,19.2035,8.5944,1
12:27:27,0.12257,22.6173,9.4635,1
12:27:29,0.12431,22.0065,8.9983,1
12:27:30,0.12569,19.1532,8.5401,1
12:27:32,0.12629,19.6502,8.0271,1
12:27:34,0.12569,19.8194,8.6821,1
12:27:36,0.12515,18.4684,8.3977,1
12:27:37,0.12647,20.0194,8.3568,1
12:27:39,0.12600,17.5496,7.8787,1
12:27:41,0.12623,16.3485,7.8911,1
12:27:43,0.12650,19.4070,9.0164,1
12:27:45,0.12827,18.3330,8.9122,1
12:27:47,0.12844,18.3630,7.8884,1
12:27:48,0.12835,16.9016,8.2693,1
12:27:50,0.12757,19.2313,8.9997,1
12:27:52,0.12583,22.7908,9.5367,1
12:27:54,0.12641,19.5730,8.1423,1
12:27:56,0.12715,20.8077,7.9576,1
12:27:58,0.13054,18.1537,8.8538,1
12:28:00,0.12472,19.4190,8.9372,1
12:28:02,0.12976,21.3552,8.8485,1
12:28:04,0.12816,15.8380,8.2209,1
12:28:05,0.12789,18.8117,8.5809,1
12:28:07,0.12858,18.7716,8.8185,1
12:28:09,0.12716,16.1908,7.6996,1
12:28:11,0.12848,20.2655,9.1728,1
12:28:13,0.12675,20.1555,9.0208,1
12:28:15,0.12942,19.8705,8.6324,1
12:28:16,0.12704,16.4639,7.4385,1
12:28:18,0.12821,20.8953,9.0629,1
12:28:20,0.12696,18.7167,8.4273,1
12:28:22,0.12824,17.9565,8.3696,1
12:28:24,0.12934,18.4508,8.8288,1
12:28:26,0.12657,18.7588,9.0999,1
12:28:28,0.12754,17.1232,8.1569,1
12:28:30,0.12776,20.6718,9.7646,1
12:28:32,0.12983,16.5465,8.1634,1
12:28:34,0.12633,21.0968,9.4359,1
12:28:35,0.12372,18.7426,8.9035,1
12:28:37,0.12513,21.9264,9.4480,1
12:28:39,0.12605,18.9341,8.9946,1
12:28:41,0.12630,17.8699,7.9105,1
12:28:43,0.12896,19.3722,8.7420,1
12:28:45,0.12622,17.6673,8.3356,1
12:28:46,0.12672,18.7399,8.8587,1
12:28:49,0.12674,18.7947,8.8513,1
12:28:50,0.12616,19.3298,8.7828,1
12:28:52,0.12746,18.9957,9.1424,1
12:28:54,0.12891,18.3640,8.3389,1
12:28:56,0.12805,17.9906,8.2692,1
12:28:58,0.12991,17.4589,7.6801,1
12:29:00,0.12788,16.2392,7.8789,1
12:29:02,0.12881,16.8824,8.2544,1
12:29:03,0.12794,19.0418,8.9025,1
12:29:05,0.12795,17.7759,7.8384,1
12:30:09,0.12384,16.7091,8.1289,1
12:30:09,0.12852,16.8633,8.4173,1
12:30:09,0.12937,14.8778,7.6050,1
12:30:09,0.13055,17.8892,8.0555,1
12:30:09,0.13016,18.0047,8.9541,1
12:30:11,0.13205,17.9177,8.6076,1
12:30:13,0.13333,15.1317,7.9763,1
12:30:16,0.13503,15.3547,8.1651,1
12:30:20,0.13593,18.1887,9.0280,1
12:30:22,0.13216,18.7445,9.2164,1
12:30:23,0.12950,16.9283,8.2907,1
12:30:25,0.13158,19.6515,8.4858,1
12:30:27,0.12486,20.7657,8.8051,1
12:30:30,0.12732,20.0700,9.2169,1
12:30:32,0.12729,19.0615,8.9910,1
12:30:34,0.12671,17.9730,8.4888,1
12:30:36,0.12770,18.6201,8.7244,1
12:30:38,0.12974,19.4101,8.1766,1
12:30:40,0.12594,17.5437,8.3333,1
12:30:41,0.15709,39.5238,12.1642,1
12:30:43,0.15854,37.5991,12.0522,1
12:30:45,0.12913,18.6602,8.5463,1
12:30:47,0.12850,18.5185,8.6979,1
12:30:49,0.12803,17.1872,9.0104,1
12:30:51,0.12903,17.6499,9.0512,1
12:30:52,0.12876,19.6261,8.6605,1
12:30:54,0.12801,15.4549,8.0241,1
12:30:56,0.12974,19.7599,9.5634,1
12:30:59,0.12740,17.1559,8.9656,1
12:31:00,0.13104,17.2257,9.0144,1
12:31:02,0.12951,15.2488,7.6158,1
12:31:04,0.12860,16.9441,7.9664,1
12:31:06,0.12677,19.6362,8.7441,1
12:31:08,0.12640,17.8709,8.5855,1
12:31:10,0.12840,17.9123,7.9831,1
12:31:11,0.12980,19.1951,8.6541,1
12:31:13,0.12986,19.5940,9.1840,1
12:31:15,0.12857,16.7417,7.6282,1
12:31:17,0.12863,17.7783,9.0789,1
12:31:19,0.13025,15.1980,8.1424,1
12:31:21,0.13053,18.2207,9.2414,1
12:31:23,0.15589,17.5697,8.5444,1
12:31:25,0.15654,15.8691,8.5089,1
12:31:26,0.13390,16.3196,8.4050,1
12:31:28,0.13554,15.8173,8.2606,1
12:31:30,0.13043,15.1801,8.2817,1
12:31:32,0.12847,19.6421,9.0767,1
12:31:34,0.12791,18.7716,8.9817,1
12:31:36,0.12759,16.8829,8.1216,1
12:31:38,0.13102,18.0071,8.5362,1
12:31:40,0.12912,18.6667,8.9375,1
12:31:41,0.12917,16.9112,8.0671,1
12:31:43,0.12984,18.6527,8.7233,1
12:31:46,0.13147,17.4611,8.9220,1
12:31:47,0.13367,17.2027,9.0069,1
12:31:49,0.13739,15.2411,7.9704,1
12:31:51,0.13765,15.9371,7.4313,1
12:31:53,0.13009,15.3883,8.4762,1
12:31:55,0.12904,16.2090,7.6903,1
12:31:56,0.13220,16.9229,8.6628,1
12:31:59,0.14188,14.6462,7.6462,1
12:32:01,0.14129,14.9240,7.5928,1
12:32:03,0.12804,16.6724,7.7149,1
12:32:05,0.12802,18.5963,9.4323,1
12:32:07,0.12958,18.5004,7.9010,1
12:32:09,0.13005,17.6018,8.9655,1
12:32:11,0.12754,18.4469,9.0470,1
12:32:12,0.12429,19.3289,8.4383,1
12:32:14,0.12306,22.7175,8.9196,1
12:32:16,0.11992,22.3049,9.0416,1
12:32:18,0.11988,24.7994,10.2212,1
12:32:19,0.12037,21.9955,9.0893,1
12:32:21,0.12358,20.5558,8.6229,1
12:32:23,0.12608,19.4248,8.0590,1
12:32:25,0.12645,20.1242,8.8553,1
12:32:26,0.12568,20.5800,9.4975,1
12:32:29,0.12558,21.4264,9.1341,1
12:32:30,0.12548,20.2947,8.5325,1
12:32:32,0.12473,20.2065,9.0494,1
12:32:34,0.12258,24.1891,9.1422,1
12:32:35,0.12208,22.2620,9.5581,1
12:32:37,0.12432,18.5187,8.4438,1
12:32:39,0.12576,19.4225,8.3195,1
12:32:41,0.12545,17.8902,8.2806,1
12:32:43,0.12947,16.0190,8.1999,1
12:32:44,0.13002,17.6330,9.1218,1
12:32:46,0.12822,19.1664,8.9248,1
12:32:49,0.12288,16.9896,8.1685,1
12:32:50,0.12434,19.7955,8.3753,1
12:32:52,0.12325,21.3222,8.0127,1
12:32:54,0.12259,20.6967,9.0031,1
12:32:56,0.12194,18.5291,7.9491,1
12:32:58,0.12031,20.5210,8.3468,1
12:32:59,0.11984,20.9903,9.1270,1
12:33:01,0.12241,20.6795,8.6884,1
12:33:03,0.12293,21.0721,8.8254,1
12:33:05,0.11785,25.7359,9.8215,1
12:33:07,0.10946,33.2805,10.2711,1
12:33:08,0.10538,35.7590,10.8445,1
12:33:11,0.10612,32.8211,10.3447,1
12:33:12,0.10623,33.5458,10.3044,1
12:33:14,0.10523,33.6157,10.6464,1
12:33:16,0.12164,27.1112,8.8723,1
12:33:18,0.12758,23.5082,8.4940,1
12:33:20,0.11976,20.4054,8.7623,1
12:33:23,0.11885,21.5315,8.7502,1
12:33:24,0.12017,21.6298,9.2518,1
12:33:26,0.11993,21.6388,9.2966,1
12:33:29,0.11371,28.1932,9.7790,1
12:33:30,0.11372,28.3852,9.8155,1
12:33:32,0.11712,20.8471,8.8884,1
12:33:34,0.12175,23.1779,9.4289,1
12:33:36,0.11471,22.6675,9.4564,1
12:33:38,0.10924,31.5837,9.8986,1
12:34:44,0.10546,33.5717,9.5784,1
12:34:44,0.11142,29.4008,9.9701,1
12:34:44,0.11725,22.5525,9.1856,1
12:34:44,0.12481,19.8173,8.8958,1
12:34:44,0.12589,17.7275,8.4863,1
12:34:46,0.11968,20.0918,8.3341,1
12:34:48,0.11617,27.9553,9.8349,1
12:34:50,0.10939,29.8074,9.5518,1
12:34:52,0.11979,22.2435,9.1100,1
12:34:54,0.17289,11.5831,6.1675,1
12:34:57,0.16445,11.6526,6.2762,1
12:34:59,0.11074,17.7594,7.4864,1
12:35:00,0.11287,26.4314,9.5956,1
12:35:02,0.12244,24.0094,10.0785,1
12:35:04,0.12418,18.1177,8.3567,1
12:35:06,0.13320,13.9650,7.4496,1
12:35:07,0.14038,12.5706,6.9997,1
12:35:09,0.12991,16.4791,8.4589,1
